PC Name,State,EVM Votes Counted,Postal Votes Counted,EVM Votes Polled, Difference , Margin , Difference > Margin , Postalvotes > Margin 
Adilabad,Telangana," 1,219,982 "," 15,615 "," 1,221,553 "," (1,571)"," 90,652 ",FALSE,FALSE
Agra,Uttar Pradesh," 1,119,183 "," 4,596 "," 1,120,864 "," (1,681)"," 271,294 ",FALSE,FALSE
Ahmedabad East,Gujarat," 1,114,791 "," 13,548 "," 1,115,317 ", (526)," 461,755 ",FALSE,FALSE
Ahmedabad West,Gujarat," 957,571 "," 9,075 "," 957,573 ", (2)," 286,437 ",FALSE,FALSE
Ahmednagar,Maharashtra," 1,320,318 "," 5,159 "," 1,320,168 ", 150 ," 28,929 ",FALSE,FALSE
AJMER,Rajasthan," 1,190,576 "," 10,603 "," 1,190,561 ", 15 ," 329,991 ",FALSE,FALSE
Akbarpur,Uttar Pradesh," 1,079,818 "," 7,135 "," 1,079,978 ", (160)," 44,345 ",FALSE,FALSE
Akola,Maharashtra," 1,167,768 "," 5,304 "," 1,168,366 ", (598)," 40,626 ",FALSE,FALSE
Alappuzha,Kerala," 1,042,798 "," 15,905 "," 1,050,726 "," (7,928)"," 63,513 ",FALSE,FALSE
Alathur,Kerala," 981,566 "," 10,702 "," 981,945 ", (379)," 20,111 ",FALSE,FALSE
Aligarh,Uttar Pradesh," 1,131,155 "," 2,211 "," 1,137,051 "," (5,896)"," 15,647 ",FALSE,FALSE
Alipurduars,West Bengal," 1,414,597 "," 6,792 "," 1,414,258 ", 339 ," 75,447 ",FALSE,FALSE
Allahabad,Uttar Pradesh," 945,146 "," 1,854 "," 946,076 ", (930)," 58,795 ",FALSE,FALSE
Almora,Uttarakhand," 652,412 "," 16,085 "," 652,726 ", (314)," 234,097 ",FALSE,FALSE
ALWAR,Rajasthan," 1,237,473 "," 15,965 "," 1,237,446 ", 27 ," 48,282 ",FALSE,FALSE
Amalapuram (Sc),Andhra Pradesh," 1,284,957 "," 16,149 "," 1,284,018 ", 939 ," 342,196 ",FALSE,FALSE
AMBALA,Haryana," 1,344,533 "," 2,189 "," 1,344,503 ", 30 ," 49,036 ",FALSE,FALSE
Ambedkar Nagar,Uttar Pradesh," 1,174,672 "," 2,390 "," 1,176,920 "," (2,248)"," 137,247 ",FALSE,FALSE
Amethi,Uttar Pradesh," 976,679 "," 3,992 "," 976,053 ", 626 ," 167,196 ",FALSE,FALSE
Amravati,Maharashtra," 1,169,205 "," 4,374 "," 1,169,121 ", 84 ," 19,731 ",FALSE,FALSE
Amreli,Gujarat," 871,373 "," 5,053 "," 871,373 ", -   ," 321,068 ",FALSE,FALSE
Amritsar,Punjab," 903,326 "," 2,330 "," 903,206 ", 120 ," 40,301 ",FALSE,FALSE
Amroha,Uttar Pradesh," 1,108,635 "," 2,055 "," 1,108,579 ", 56 ," 28,670 ",FALSE,FALSE
Anakapalle,Andhra Pradesh," 1,306,348 "," 18,984 "," 1,309,977 "," (3,629)"," 296,530 ",FALSE,FALSE
Anand,Gujarat," 1,156,426 "," 11,543 "," 1,157,763 "," (1,337)"," 89,939 ",FALSE,FALSE
Anandpur Sahib,Punjab," 1,073,709 "," 3,414 "," 1,073,572 ", 137 ," 10,846 ",FALSE,FALSE
Ananthapur,Andhra Pradesh," 1,420,357 "," 20,071 "," 1,423,108 "," (2,751)"," 188,555 ",FALSE,FALSE
ANANTNAG-RAJOURI,Jammu & Kashmir," 1,017,520 "," 8,628 "," 1,017,451 ", 69 ," 281,794 ",FALSE,FALSE
Andaman & NicobarIslands,Andaman & NicobarIslands," 201,992 ", 522 ," 202,018 ", (26)," 24,396 ",FALSE,FALSE
Aonla,Uttar Pradesh," 1,086,120 "," 2,776 "," 1,086,687 ", (567)," 15,969 ",FALSE,FALSE
ARAKKONAM,Tamil Nadu," 1,156,724 "," 7,098 "," 1,159,441 "," (2,717)"," 306,559 ",FALSE,FALSE
Araku (ST),Andhra Pradesh," 1,143,013 "," 21,432 "," 1,145,426 "," (2,413)"," 50,580 ",FALSE,FALSE
Arambagh,West Bengal," 1,554,300 "," 4,779 "," 1,555,882 "," (1,582)"," 6,399 ",FALSE,FALSE
ARANI,Tamil Nadu," 1,132,317 "," 7,944 "," 1,133,520 "," (1,203)"," 208,766 ",FALSE,FALSE
Araria,Bihar," 1,250,207 "," 2,353 "," 1,250,261 ", (54)," 20,094 ",FALSE,FALSE
Arrah,Bihar," 1,088,409 "," 8,152 "," 1,088,685 ", (276)," 59,808 ",FALSE,FALSE
Arunachal East,Arunachal Pradesh," 310,213 "," 13,230 "," 312,658 "," (2,445)"," 30,421 ",FALSE,FALSE
Arunachal West,Arunachal Pradesh," 379,611 "," 20,193 "," 380,783 "," (1,172)"," 100,738 ",FALSE,FALSE
Asansol,West Bengal," 1,296,332 "," 5,208 "," 1,297,096 ", (764)," 59,564 ",FALSE,FALSE
Aska,Odisha," 1,016,047 "," 1,867 "," 1,015,883 ", 164 ," 99,974 ",FALSE,FALSE
Attingal,Kerala," 970,517 "," 14,824 "," 970,517 ", -   , 684 ,FALSE,TRUE
Aurangabad,Maharashtra," 1,297,724 "," 4,473 "," 1,298,227 ", (503)," 79,111 ",FALSE,FALSE
Aurangabad,Bihar," 942,301 "," 3,579 "," 942,382 ", (81)," 79,111 ",FALSE,FALSE
Azamgarh,Uttar Pradesh," 1,048,948 "," 5,572 "," 1,049,205 ", (257)," 161,035 ",FALSE,FALSE
Badaun,Uttar Pradesh," 1,090,662 "," 1,102 "," 1,091,697 "," (1,035)"," 34,991 ",FALSE,FALSE
Bagalkot,Karnataka," 1,311,893 "," 5,668 "," 1,312,319 ", (426)," 68,399 ",FALSE,FALSE
Baghpat,Uttar Pradesh," 928,628 "," 5,145 "," 928,392 ", 236 ," 159,459 ",FALSE,FALSE
Baharaich,Uttar Pradesh," 1,056,179 ", 387 ," 1,055,818 ", 361 ," 64,227 ",FALSE,FALSE
Baharampur,West Bengal," 1,380,981 "," 3,789 "," 1,382,678 "," (1,697)"," 85,022 ",FALSE,FALSE
BALAGHAT,Madhya Pradesh," 1,377,188 "," 5,092 "," 1,376,207 ", 981 ," 174,512 ",FALSE,FALSE
Balasore,Odisha," 1,235,600 "," 4,035 "," 1,234,427 "," 1,173 "," 147,156 ",FALSE,FALSE
Ballia,Uttar Pradesh," 1,001,968 "," 5,354 "," 1,001,317 ", 651 ," 43,384 ",FALSE,FALSE
Balurghat,West Bengal," 1,233,664 "," 3,644 "," 1,235,347 "," (1,683)"," 10,386 ",FALSE,FALSE
Banaskantha,Gujarat," 1,365,141 "," 10,762 "," 1,365,989 ", (848)," 30,406 ",FALSE,FALSE
Banda,Uttar Pradesh," 1,042,931 "," 1,201 "," 1,043,256 ", (325)," 71,210 ",FALSE,FALSE
Bangalore central,Karnataka," 1,313,862 "," 2,648 "," 1,315,612 "," (1,750)"," 32,707 ",FALSE,FALSE
Bangalore North,Karnataka," 1,747,729 "," 4,775 "," 1,750,372 "," (2,643)"," 259,476 ",FALSE,FALSE
Bangalore Rural,Karnataka," 1,914,024 "," 5,516 "," 1,914,030 ", (6)," 269,647 ",FALSE,FALSE
Bangalore South,Karnataka," 1,245,188 "," 4,154 "," 1,245,168 ", 20 ," 277,083 ",FALSE,FALSE
Bangaon,West Bengal," 1,487,892 "," 5,216 "," 1,488,209 ", (317)," 73,693 ",FALSE,FALSE
Banka,Bihar," 1,011,616 "," 2,539 "," 1,011,513 ", 103 ," 103,844 ",FALSE,FALSE
Bankura,West Bengal," 1,437,806 "," 9,868 "," 1,437,826 ", (20)," 32,778 ",FALSE,FALSE
Bansgaon,Uttar Pradesh," 941,708 "," 3,055 "," 943,007 "," (1,299)"," 3,150 ",FALSE,FALSE
BANSWARA,Rajasthan," 1,625,747 "," 11,105 "," 1,625,731 ", 16 ," 247,054 ",FALSE,FALSE
Bapatla (SC),Andhra Pradesh," 1,282,422 "," 18,323 "," 1,287,704 "," (5,282)"," 208,031 ",FALSE,FALSE
Barabanki,Uttar Pradesh," 1,288,381 "," 2,253 "," 1,289,258 ", (877)," 215,704 ",FALSE,FALSE
Baramati,Maharashtra," 1,410,674 "," 1,675 "," 1,411,621 ", (947)," 158,333 ",FALSE,FALSE
BARAMULLA,Jammu & Kashmir," 1,026,457 "," 7,443 "," 1,027,084 ", (627)," 204,142 ",FALSE,FALSE
Barasat,West Bengal," 1,527,533 "," 5,068 "," 1,527,620 ", (87)," 114,189 ",FALSE,FALSE
Bardhaman-Durgapur,West Bengal," 1,493,984 "," 7,789 "," 1,494,778 ", (794)," 137,981 ",FALSE,FALSE
Bardhaman Purba,West Bengal," 1,492,448 "," 4,862 "," 1,492,453 ", (5)," 160,572 ",FALSE,FALSE
Bardoli,Gujarat," 1,324,475 "," 14,858 "," 1,327,669 "," (3,194)"," 230,253 ",FALSE,FALSE
Bareilly,Uttar Pradesh," 1,116,465 "," 3,093 "," 1,116,749 ", (284)," 34,804 ",FALSE,FALSE
Bargarh,Odisha," 1,300,266 "," 9,598 "," 1,302,069 "," (1,803)"," 251,667 ",FALSE,FALSE
BARMER,Rajasthan," 1,675,314 "," 12,737 "," 1,675,276 ", 38 ," 118,176 ",FALSE,FALSE
Barpeta,Assam," 1,675,229 "," 10,714 "," 1,676,633 "," (1,404)"," 222,351 ",FALSE,FALSE
Barrackpur,West Bengal," 1,137,819 "," 4,041 "," 1,137,763 ", 56 ," 64,438 ",FALSE,FALSE
Basirhat,West Bengal," 1,519,128 "," 4,273 "," 1,521,154 "," (2,026)"," 333,547 ",FALSE,FALSE
BASTAR,Chhattisgarh," 1,004,596 "," 2,799 "," 1,005,392 ", (796)," 55,245 ",FALSE,FALSE
Basti,Uttar Pradesh," 1,077,422 "," 5,448 "," 1,078,313 ", (891)," 100,994 ",FALSE,FALSE
Bathinda,Punjab," 1,145,264 "," 5,906 "," 1,145,241 ", 23 ," 49,656 ",FALSE,FALSE
Beed,Maharashtra," 1,518,614 "," 3,681 "," 1,519,526 ", (912)," 6,553 ",FALSE,FALSE
Begusarai,Bihar," 1,288,395 "," 6,278 "," 1,289,076 ", (681)," 81,480 ",FALSE,FALSE
Belgaum,Karnataka," 1,375,285 "," 8,604 "," 1,375,283 ", 2 ," 178,437 ",FALSE,FALSE
Bellary,Karnataka," 1,386,559 "," 3,355 "," 1,386,553 ", 6 ," 98,992 ",FALSE,FALSE
Berhampur,Odisha," 1,038,806 "," 4,117 "," 1,040,924 "," (2,118)"," 165,476 ",FALSE,FALSE
BETUL,Maharashtra," 1,393,686 "," 2,334 "," 1,393,608 ", 78 ," 379,761 ",FALSE,FALSE
Bhadohi,Uttar Pradesh," 1,081,697 "," 3,296 "," 1,081,465 ", 232 ," 44,072 ",FALSE,FALSE
Bhadrak,Odisha," 1,291,183 "," 6,194 "," 1,296,802 "," (5,619)"," 91,544 ",FALSE,FALSE
Bhagalpur,Bihar," 1,061,614 "," 2,467 "," 1,060,982 ", 632 ," 104,868 ",FALSE,FALSE
Bhandara Gondiya,Maharashtra," 1,224,251 "," 10,822 "," 1,224,928 ", (677)," 37,380 ",FALSE,FALSE
BHARATPUR,Rajasthan," 1,116,850 "," 16,150 "," 1,116,742 ", 108 ," 51,983 ",FALSE,FALSE
Bharuch,Gujarat," 1,192,000 "," 6,964 "," 1,191,877 ", 123 ," 85,696 ",FALSE,FALSE
Bhavnagar,Gujarat," 1,031,533 "," 15,699 "," 1,033,629 "," (2,096)"," 455,289 ",FALSE,FALSE
BHILWARA,Rajasthan," 1,296,244 "," 8,151 "," 1,296,228 ", 16 ," 354,606 ",FALSE,FALSE
BHIND,Madhya Pradesh," 1,043,084 "," 5,923 "," 1,044,022 ", (938)," 64,840 ",FALSE,FALSE
Bhiwandi,Maharashtra," 1,249,338 "," 4,061 "," 1,250,090 ", (752)," 66,121 ",FALSE,FALSE
BHIWANI- MAHENDRAGARH,Haryana," 1,171,667 "," 11,728 "," 1,172,526 ", (859)," 41,510 ",FALSE,FALSE
Bhongir,Telangana," 1,388,579 "," 12,817 "," 1,388,680 ", (101)," 222,170 ",FALSE,FALSE
BHOPAL,Madhya Pradesh," 1,494,415 "," 3,870 "," 1,498,626 "," (4,211)"," 501,499 ",FALSE,FALSE
Bhubaneswar,Odisha," 1,077,476 "," 4,739 "," 1,078,810 "," (1,334)"," 35,152 ",FALSE,FALSE
Bidar,Karnataka," 1,239,406 "," 2,916 "," 1,239,358 ", 48 ," 128,875 ",FALSE,FALSE
Bijapur,Karnataka," 1,289,986 "," 6,128 "," 1,290,719 ", (733)," 77,229 ",FALSE,FALSE
Bijnor,Uttar Pradesh," 1,020,877 "," 3,555 "," 1,020,947 ", (70)," 37,508 ",FALSE,FALSE
BIKANER,Rajasthan," 1,108,423 "," 9,859 "," 1,108,418 ", 5 ," 55,711 ",FALSE,FALSE
BILASPUR,Chhattisgarh," 1,358,037 "," 3,313 "," 1,361,871 "," (3,834)"," 164,558 ",FALSE,FALSE
Birbhum,West Bengal," 1,521,048 "," 6,384 "," 1,521,023 ", 25 ," 197,650 ",FALSE,FALSE
Bishnupur,West Bengal," 1,506,951 "," 6,921 "," 1,507,040 ", (89)," 5,567 ",FALSE,TRUE
Bolangir,Odisha," 1,394,081 "," 6,167 "," 1,396,719 "," (2,638)"," 132,664 ",FALSE,FALSE
Bolpur,West Bengal," 1,520,408 "," 8,062 "," 1,520,401 ", 7 ," 327,253 ",FALSE,FALSE
Bulandshahr,Uttar Pradesh," 1,049,325 "," 5,074 "," 1,049,189 ", 136 ," 275,134 ",FALSE,FALSE
Buldhana,Maharashtra," 1,105,267 "," 4,229 "," 1,105,761 ", (494)," 29,479 ",FALSE,FALSE
Buxar,Bihar," 1,066,300 "," 7,459 "," 1,065,290 "," 1,010 "," 30,091 ",FALSE,FALSE
Chalakudy,Kerala," 942,792 "," 8,495 "," 942,787 ", 5 ," 63,754 ",FALSE,FALSE
Chamarajanagar,Karnataka," 1,365,929 "," 3,868 "," 1,366,015 ", (86)," 188,706 ",FALSE,FALSE
Chandauli,Uttar Pradesh," 1,113,469 "," 3,030 "," 1,116,673 "," (3,204)"," 21,565 ",FALSE,FALSE
Chandigarh,Chandigarh," 448,548 ", 727 ," 448,547 ", 1 ," 2,504 ",FALSE,FALSE
Chandni Chowk,Delhi," 963,895 "," 2,207 "," 964,503 ", (608)," 89,325 ",FALSE,FALSE
Chandrapur,Maharashtra," 1,238,291 "," 3,013 "," 1,241,574 "," (3,283)"," 260,406 ",FALSE,FALSE
Chatra,Jharkhand," 1,074,449 "," 11,925 "," 1,076,352 "," (1,903)"," 220,959 ",FALSE,FALSE
CHENNAI CENTRAL,Tamil Nadu," 727,305 "," 3,244 "," 728,614 "," (1,309)"," 244,689 ",FALSE,FALSE
CHENNAI NORTH,Tamil Nadu," 899,330 "," 3,159 "," 899,367 ", (37)," 339,222 ",FALSE,FALSE
CHENNAI SOUTH,Tamil Nadu," 1,095,926 "," 3,395 "," 1,096,026 ", (100)," 225,945 ",FALSE,FALSE
Chevella,Telangana," 1,656,178 "," 19,176 "," 1,657,107 ", (929)," 172,897 ",FALSE,FALSE
CHHINDWARA,Madhya Pradesh," 1,302,172 "," 2,655 "," 1,303,001 ", (829)," 113,618 ",FALSE,FALSE
Chhota Udaipur,Gujarat," 1,258,990 "," 8,729 "," 1,259,760 ", (770)," 398,777 ",FALSE,FALSE
CHIDAMBARAM,Tamil Nadu," 1,158,718 "," 8,353 "," 1,160,762 "," (2,044)"," 103,554 ",FALSE,FALSE
Chikkballapur,Karnataka," 1,525,885 "," 4,935 "," 1,525,718 ", 167 ," 163,460 ",FALSE,FALSE
Chikkodi,Karnataka," 1,385,725 "," 7,368 "," 1,385,688 ", 37 ," 90,834 ",FALSE,FALSE
Chitradurga,Karnataka," 1,360,301 "," 6,608 "," 1,361,031 ", (730)," 48,121 ",FALSE,FALSE
Chittoor (SC),Andhra Pradesh," 1,400,022 "," 18,835 "," 1,406,880 "," (6,858)"," 220,479 ",FALSE,FALSE
CHITTORGARH,Rajasthan," 1,488,902 "," 9,831 "," 1,488,898 ", 4 ," 389,877 ",FALSE,FALSE
CHURU,Rajasthan," 1,407,789 "," 16,856 "," 1,407,716 ", 73 ," 72,737 ",FALSE,FALSE
COIMBATORE,Tamil Nadu," 1,366,177 "," 6,656 "," 1,366,597 ", (420)," 118,068 ",FALSE,FALSE
Coochbehar,West Bengal," 1,615,848 "," 7,200 "," 1,616,079 ", (231)," 39,250 ",FALSE,FALSE
CUDDALORE,Tamil Nadu," 1,021,640 "," 9,923 "," 1,025,298 "," (3,658)"," 185,896 ",FALSE,FALSE
Cuttack,Odisha," 1,116,941 "," 3,854 "," 1,118,918 "," (1,977)"," 57,077 ",FALSE,FALSE
Dadar & NagarHaveli,Dadar & Nagar Haveli and Daman & Diu," 205,257 ", 331 ," 205,248 ", 9 ," 57,584 ",FALSE,FALSE
Dahod,Gujarat," 1,112,249 "," 6,045 "," 1,112,211 ", 38 ," 333,677 ",FALSE,FALSE
Dakshina Kannada,Karnataka," 1,408,738 "," 7,032 "," 1,409,653 ", (915)," 149,208 ",FALSE,FALSE
Daman & Diu,Dadar & Nagar Haveli and Daman & Diu," 92,279 ", 131 ," 92,279 ", -   ," 6,225 ",FALSE,FALSE
DAMOH,Madhya Pradesh," 1,087,123 "," 1,821 "," 1,087,455 ", (332)," 406,426 ",FALSE,FALSE
Darbhanga,Bihar," 1,022,134 "," 2,050 "," 1,021,962 ", 172 ," 178,156 ",FALSE,FALSE
Darjeeling,West Bengal," 1,319,731 "," 7,681 "," 1,320,072 ", (341)," 178,525 ",FALSE,FALSE
Darrang-Udalguri,Assam," 1,804,194 "," 7,006 "," 1,811,764 "," (7,570)"," 329,012 ",FALSE,FALSE
DAUSA,Rajasthan," 1,058,583 "," 14,151 "," 1,058,386 ", 197 ," 237,340 ",FALSE,FALSE
Davanagere,Karnataka," 1,315,951 "," 4,417 "," 1,315,916 ", 35 ," 26,094 ",FALSE,FALSE
Deoria,Uttar Pradesh," 1,040,381 "," 2,927 "," 1,040,178 ", 203 ," 34,842 ",FALSE,FALSE
DEWAS,Madhya Pradesh," 1,464,796 "," 4,308 "," 1,464,690 ", 106 ," 425,225 ",FALSE,FALSE
Dhanbad,Jharkhand," 1,414,710 "," 13,297 "," 1,418,264 "," (3,554)"," 331,583 ",FALSE,FALSE
DHAR,Madhya Pradesh," 1,422,029 "," 3,015 "," 1,421,585 ", 444 ," 218,665 ",FALSE,FALSE
DHARMAPURI,Tamil Nadu," 1,238,428 "," 9,404 "," 1,238,184 ", 244 ," 21,300 ",FALSE,FALSE
Dharwad,Karnataka," 1,362,521 "," 3,970 "," 1,362,421 ", 100 ," 97,324 ",FALSE,FALSE
Dhaurahra,Uttar Pradesh," 1,109,492 "," 2,355 "," 1,109,680 ", (188)," 4,449 ",FALSE,FALSE
Dhenkanal,Odisha," 1,184,033 "," 7,640 "," 1,193,460 "," (9,427)"," 76,567 ",FALSE,FALSE
Dhubri,Assam," 2,445,683 "," 7,925 "," 2,450,041 "," (4,358)"," 1,012,476 ",FALSE,FALSE
Dhule,Maharashtra," 1,215,525 "," 3,770 "," 1,217,523 "," (1,998)"," 3,831 ",FALSE,FALSE
Diamond harbour,West Bengal," 1,524,223 "," 6,594 "," 1,524,138 ", 85 ," 710,930 ",FALSE,FALSE
Dibrugarh,Assam," 1,273,727 "," 4,595 "," 1,273,744 ", (17)," 279,321 ",FALSE,FALSE
DINDIGUL,Tamil Nadu," 1,143,174 "," 6,447 "," 1,143,196 ", (22)," 443,821 ",FALSE,FALSE
Dindori,Maharashtra," 1,236,675 "," 4,235 "," 1,237,180 ", (505)," 113,199 ",FALSE,FALSE
Diphu,Assam," 678,288 "," 4,539 "," 682,441 "," (4,153)"," 147,603 ",FALSE,FALSE
Domariyaganj,Uttar Pradesh," 1,016,183 "," 2,782 "," 1,019,548 "," (3,365)"," 42,728 ",FALSE,FALSE
Dumdum,West Bengal," 1,254,461 "," 5,585 "," 1,254,452 ", 9 ," 70,660 ",FALSE,FALSE
Dumka,Jharkhand," 1,174,681 "," 9,451 "," 1,175,294 ", (613)," 22,527 ",FALSE,FALSE
DURG,Chhattisgarh," 1,539,539 "," 3,248 "," 1,540,193 ", (654)," 438,226 ",FALSE,FALSE
East Delhi,Delhi," 1,261,887 "," 2,162 "," 1,261,988 ", (101)," 93,663 ",FALSE,FALSE
Eluru,Andhra Pradesh," 1,366,884 "," 15,165 "," 1,370,153 "," (3,269)"," 181,857 ",FALSE,FALSE
Ernakulam,Kerala," 904,102 "," 6,400 "," 904,131 ", (29)," 250,385 ",FALSE,FALSE
ERODE,Tamil Nadu," 1,086,406 "," 7,017 "," 1,086,287 ", 119 ," 236,566 ",FALSE,FALSE
Etah,Uttar Pradesh," 1,007,609 "," 2,772 "," 1,008,533 ", (924)," 28,052 ",FALSE,FALSE
Etawah,Uttar Pradesh," 1,030,621 "," 3,163 "," 1,030,554 ", 67 ," 58,419 ",FALSE,FALSE
Faizabad,Uttar Pradesh," 1,139,094 "," 1,567 "," 1,139,882 ", (788)," 54,567 ",FALSE,FALSE
FARIDABAD,Haryana," 1,469,170 "," 2,152 "," 1,470,649 "," (1,479)"," 172,914 ",FALSE,FALSE
Faridkot,Punjab," 1,009,711 "," 4,744 "," 1,009,637 ", 74 ," 70,053 ",FALSE,FALSE
Farrukhabad,Uttar Pradesh," 1,031,784 "," 2,010 "," 1,032,244 ", (460)," 2,678 ",FALSE,FALSE
Fatehgarh Sahib,Punjab," 971,031 "," 3,225 "," 970,783 ", 248 ," 34,202 ",FALSE,FALSE
Fatehpur,Uttar Pradesh," 1,105,472 "," 1,472 "," 1,106,690 "," (1,218)"," 33,199 ",FALSE,FALSE
Fatehpur Sikri,Uttar Pradesh," 1,028,909 "," 5,246 "," 1,028,791 ", 118 ," 43,405 ",FALSE,FALSE
Firozabad,Uttar Pradesh," 1,105,210 "," 2,086 "," 1,106,747 "," (1,537)"," 89,312 ",FALSE,FALSE
Firozpur,Punjab," 1,117,934 "," 7,181 "," 1,119,167 "," (1,233)"," 3,242 ",FALSE,TRUE
Gadchiroli - Chimur,Maharashtra," 1,161,041 "," 5,319 "," 1,162,476 "," (1,435)"," 141,696 ",FALSE,FALSE
Gandhinagar,Gujarat," 1,304,840 "," 16,962 "," 1,305,197 ", (357)," 744,716 ",FALSE,FALSE
GANGANAGAR,Rajasthan," 1,399,702 "," 13,792 "," 1,399,688 ", 14 ," 88,153 ",FALSE,FALSE
Garhwal,Uttarakhand," 716,561 "," 20,870 "," 717,834 "," (1,273)"," 163,503 ",FALSE,FALSE
Gautam BuddhaNagar,Uttar Pradesh," 1,433,370 "," 3,874 "," 1,434,667 "," (1,297)"," 559,472 ",FALSE,FALSE
Gaya,Bihar," 958,387 "," 5,289 "," 958,623 ", (236)," 101,812 ",FALSE,FALSE
Ghatal,West Bengal," 1,593,450 "," 7,106 "," 1,593,990 ", (540)," 182,868 ",FALSE,FALSE
Ghaziabad,Uttar Pradesh," 1,468,608 "," 1,822 "," 1,469,260 ", (652)," 336,965 ",FALSE,FALSE
Ghazipur,Uttar Pradesh," 1,148,952 "," 4,142 "," 1,150,496 "," (1,544)"," 124,861 ",FALSE,FALSE
Ghosi,Uttar Pradesh," 1,147,461 "," 3,129 "," 1,147,213 ", 248 ," 162,943 ",FALSE,FALSE
Giridih,Jharkhand," 1,253,005 "," 11,828 "," 1,253,553 ", (548)," 80,880 ",FALSE,FALSE
Godda,Jharkhand," 1,388,559 "," 9,645 "," 1,391,960 "," (3,401)"," 101,813 ",FALSE,FALSE
Gonda,Uttar Pradesh," 951,592 "," 1,292 "," 951,394 ", 198 ," 46,224 ",FALSE,FALSE
Gopalganj,Bihar," 1,059,393 "," 3,634 "," 1,059,298 ", 95 ," 127,180 ",FALSE,FALSE
Gorakhpur,Uttar Pradesh," 1,151,384 "," 3,029 "," 1,152,057 ", (673)," 103,526 ",FALSE,FALSE
Gulbarga,Karnataka," 1,306,167 "," 4,310 "," 1,306,119 ", 48 ," 27,205 ",FALSE,FALSE
GUNA,Madhya Pradesh," 1,368,520 "," 5,246 "," 1,368,554 ", (34)," 540,929 ",FALSE,FALSE
Guntur,Andhra Pradesh," 1,404,061 "," 21,310 "," 1,411,989 "," (7,928)"," 344,695 ",FALSE,FALSE
Gurdaspur,Punjab," 1,070,254 "," 7,572 "," 1,070,267 ", (13)," 82,861 ",FALSE,FALSE
GURGAON,Haryana," 1,596,251 "," 4,981 "," 1,596,240 ", 11 ," 75,079 ",FALSE,FALSE
Guwahati,Assam," 1,594,699 "," 4,690 "," 1,596,664 "," (1,965)"," 251,090 ",FALSE,FALSE
GWALIOR,Madhya Pradesh," 1,337,928 "," 5,301 "," 1,338,708 ", (780)," 70,210 ",FALSE,FALSE
Hajipur,Bihar," 1,149,394 "," 5,930 "," 1,149,406 ", (12)," 170,105 ",FALSE,FALSE
HAMIRPUR,Himachal Pradesh," 1,022,970 "," 24,293 "," 1,025,237 "," (2,267)"," 182,357 ",FALSE,FALSE
Hamirpur,Uttar Pradesh," 1,113,768 "," 1,531 "," 1,114,874 "," (1,106)"," 182,357 ",FALSE,FALSE
Hardoi,Uttar Pradesh," 1,097,322 "," 2,794 "," 1,098,820 "," (1,498)"," 27,856 ",FALSE,FALSE
Haridwar,Uttarakhand," 1,293,233 "," 9,390 "," 1,293,362 ", (129)," 164,056 ",FALSE,FALSE
Hassan,Karnataka," 1,348,013 "," 6,994 "," 1,348,966 ", (953)," 42,649 ",FALSE,FALSE
Hathras,Uttar Pradesh," 1,079,010 "," 3,710 "," 1,079,731 ", (721)," 247,318 ",FALSE,FALSE
Hatkanangale,Maharashtra," 1,290,191 "," 5,833 "," 1,290,073 ", 118 ," 13,426 ",FALSE,FALSE
Haveri,Karnataka," 1,390,513 "," 5,299 "," 1,391,214 ", (701)," 43,513 ",FALSE,FALSE
Hazaribagh,Jharkhand," 1,249,093 "," 15,574 "," 1,248,798 ", 295 ," 276,686 ",FALSE,FALSE
Hindupur,Andhra Pradesh," 1,396,687 "," 19,652 "," 1,403,259 "," (6,572)"," 132,427 ",FALSE,FALSE
Hingoli,Maharashtra," 1,154,970 "," 4,330 "," 1,154,958 ", 12 ," 108,602 ",FALSE,FALSE
HISAR,Haryana," 1,168,313 "," 5,802 "," 1,168,784 ", (471)," 63,381 ",FALSE,FALSE
Hooghly,West Bengal," 1,511,948 "," 5,563 "," 1,512,060 ", (112)," 76,853 ",FALSE,FALSE
HOSHANGABAD,Madhya Pradesh," 1,247,358 "," 2,334 "," 1,247,298 ", 60 ," 431,696 ",FALSE,FALSE
Hoshiarpur,Punjab," 942,810 "," 5,675 "," 942,766 ", 44 ," 44,111 ",FALSE,FALSE
Howrah,West Bengal," 1,268,854 "," 2,942 "," 1,269,079 ", (225)," 169,442 ",FALSE,FALSE
Hyderabad,Telangana," 1,073,544 "," 6,780 "," 1,074,827 "," (1,283)"," 338,087 ",FALSE,FALSE
Idukki,Kerala," 831,914 "," 8,743 "," 831,936 ", (22)," 133,727 ",FALSE,FALSE
INDORE,Madhya Pradesh," 1,558,311 "," 3,657 "," 1,558,341 ", (30)," 1,175,092 ",FALSE,FALSE
Inner Manipur,Manipur," 789,912 "," 6,985 "," 794,790 "," (4,878)"," 109,801 ",FALSE,FALSE
JABALPUR,Madhya Pradesh," 1,156,434 "," 2,111 "," 1,156,722 ", (288)," 486,674 ",FALSE,FALSE
Jadavpur,West Bengal," 1,558,207 "," 8,302 "," 1,559,330 "," (1,123)"," 258,201 ",FALSE,FALSE
Jagatsinghpur,Odisha," 1,280,103 "," 6,184 "," 1,283,700 "," (3,597)"," 40,696 ",FALSE,FALSE
Jahanabad,Bihar," 920,112 "," 5,258 "," 920,114 ", (2)," 142,591 ",FALSE,FALSE
JAIPUR,Rajasthan," 1,449,110 "," 14,148 "," 1,449,612 ", (502)," 331,767 ",FALSE,FALSE
JAIPUR RURAL,Rajasthan," 1,237,966 "," 24,088 "," 1,238,818 ", (852)," 1,615 ",FALSE,TRUE
Jajpur,Odisha," 1,151,847 "," 9,361 "," 1,151,038 ", 809 ," 481,094 ",FALSE,FALSE
Jalandhar,Punjab," 987,602 "," 1,505 "," 987,508 ", 94 ," 175,993 ",FALSE,FALSE
Jalaun,Uttar Pradesh," 1,126,966 "," 1,983 "," 1,127,112 ", (146)," 53,898 ",FALSE,FALSE
Jalgaon,Madhya Pradesh," 1,165,216 "," 4,337 "," 1,165,968 ", (752)," 251,594 ",FALSE,FALSE
Jalna,Maharashtra," 1,357,971 "," 5,438 "," 1,361,226 "," (3,255)"," 109,958 ",FALSE,FALSE
JALORE,Rajasthan," 1,444,896 "," 6,230 "," 1,444,866 ", 30 ," 201,543 ",FALSE,FALSE
Jalpaiguri,West Bengal," 1,571,995 "," 6,394 "," 1,577,828 "," (5,833)"," 86,693 ",FALSE,FALSE
JAMMU,Jammu & Kashmir," 1,285,944 "," 16,232 "," 1,286,144 ", (200)," 135,498 ",FALSE,FALSE
Jamnagar,Gujarat," 1,047,992 "," 3,243 "," 1,048,410 ", (418)," 238,008 ",FALSE,FALSE
Jamshedpur,Jharkhand," 1,264,240 "," 13,389 "," 1,265,169 ", (929)," 259,782 ",FALSE,FALSE
Jamui,Bihar," 977,338 "," 1,895 "," 977,369 ", (31)," 112,482 ",FALSE,FALSE
Jangipur,West Bengal," 1,366,962 "," 2,671 "," 1,367,014 ", (52)," 116,637 ",FALSE,FALSE
JANJGIR-CHAMPA,Chhattisgarh," 1,387,196 "," 5,044 "," 1,389,012 "," (1,816)"," 60,000 ",FALSE,FALSE
Jaunpur,Uttar Pradesh," 1,096,957 "," 4,831 "," 1,099,223 "," (2,266)"," 99,335 ",FALSE,FALSE
JHALAWAR-BARAN,Rajasthan," 1,415,552 "," 5,779 "," 1,415,420 ", 132 ," 370,989 ",FALSE,FALSE
Jhanjharpur,Bihar," 1,091,394 "," 2,347 "," 1,091,258 ", 136 ," 184,169 ",FALSE,FALSE
Jhansi,Uttar Pradesh," 1,378,807 "," 1,699 "," 1,380,214 "," (1,407)"," 102,614 ",FALSE,FALSE
Jhargram,West Bengal," 1,483,802 "," 7,041 "," 1,485,591 "," (1,789)"," 174,048 ",FALSE,FALSE
JHUNJHUNU,Rajasthan," 1,094,908 "," 24,019 "," 1,094,900 ", 8 ," 18,235 ",FALSE,TRUE
JODHPUR,Rajasthan," 1,370,371 "," 13,467 "," 1,370,616 ", (245)," 115,677 ",FALSE,FALSE
Jorhat,Assam," 1,377,003 "," 14,157 "," 1,379,749 "," (2,746)"," 144,393 ",FALSE,FALSE
Joynagar,West Bengal," 1,477,368 "," 5,263 "," 1,477,298 ", 70 ," 470,219 ",FALSE,FALSE
Junagadh,Gujarat," 1,057,454 "," 10,799 "," 1,057,462 ", (8)," 135,494 ",FALSE,FALSE
Kachchh,Gujarat," 1,090,881 "," 4,276 "," 1,090,878 ", 3 ," 268,782 ",FALSE,FALSE
Kadapa,Andhra Pradesh," 1,300,147 "," 21,828 "," 1,304,256 "," (4,109)"," 62,695 ",FALSE,FALSE
Kairana,Uttar Pradesh," 1,075,537 "," 4,269 "," 1,075,839 ", (302)," 69,116 ",FALSE,FALSE
Kaiserganj,Uttar Pradesh," 1,060,767 "," 1,332 "," 1,060,576 ", 191 ," 148,843 ",FALSE,FALSE
Kakinada,Andhra Pradesh," 1,312,770 "," 17,033 "," 1,312,255 ", 515 ," 229,491 ",FALSE,FALSE
Kalahandi,Odisha," 1,322,799 "," 11,445 "," 1,324,936 "," (2,137)"," 133,813 ",FALSE,FALSE
KALLAKURICHI,Tamil Nadu," 1,242,562 "," 7,006 "," 1,242,597 ", (35)," 53,784 ",FALSE,FALSE
Kalyan,Maharashtra," 1,042,476 "," 3,260 "," 1,043,610 "," (1,134)"," 209,144 ",FALSE,FALSE
KANCHEEPURAM,Tamil Nadu," 1,253,129 "," 6,449 "," 1,253,582 ", (453)," 221,473 ",FALSE,FALSE
Kandhamal,Odisha," 990,520 "," 5,571 "," 993,091 "," (2,571)"," 21,371 ",FALSE,FALSE
KANGRA,Himachal Pradesh," 1,019,345 "," 17,523 "," 1,020,026 ", (681)," 251,895 ",FALSE,FALSE
KANKER,Chhattisgarh," 1,260,153 "," 5,276 "," 1,261,103 ", (950)," 1,884 ",FALSE,TRUE
Kannauj,Uttar Pradesh," 1,214,285 "," 3,548 "," 1,214,886 ", (601)," 170,922 ",FALSE,FALSE
KANNIYAKUMARI,Tamil Nadu," 1,016,841 "," 12,214 "," 1,019,532 "," (2,691)"," 179,907 ",FALSE,FALSE
Kannur,Kerala," 1,048,785 "," 15,070 "," 1,048,839 ", (54)," 108,982 ",FALSE,FALSE
Kanpur,Uttar Pradesh," 882,042 "," 5,354 "," 882,074 ", (32)," 20,968 ",FALSE,FALSE
Kanthi,West Bengal," 1,519,392 "," 11,605 "," 1,521,159 "," (1,767)"," 47,764 ",FALSE,FALSE
Karakat,Bihar," 1,027,665 "," 3,953 "," 1,028,641 ", (976)," 105,858 ",FALSE,FALSE
KARAULI-DHOLPUR,Rajasthan," 979,010 "," 9,112 "," 979,618 ", (608)," 98,945 ",FALSE,FALSE
Karimganj,Assam," 1,140,349 "," 6,533 "," 1,136,538 "," 3,811 "," 18,360 ",FALSE,FALSE
Karimnagar,Telangana," 1,302,447 "," 10,405 "," 1,303,690 "," (1,243)"," 225,209 ",FALSE,FALSE
KARNAL,Haryana," 1,341,197 "," 4,695 "," 1,341,174 ", 23 ," 232,577 ",FALSE,FALSE
KARUR,Tamil Nadu," 1,125,359 "," 6,686 "," 1,125,241 ", 118 ," 166,816 ",FALSE,FALSE
Kasaragod,Kerala," 1,103,719 "," 8,827 "," 1,104,331 ", (612)," 100,649 ",FALSE,FALSE
Katihar,Bihar," 1,168,194 "," 3,352 "," 1,168,752 ", (558)," 49,863 ",FALSE,FALSE
Kaushambi,Uttar Pradesh," 1,007,927 "," 1,402 "," 1,008,255 ", (328)," 103,944 ",FALSE,FALSE
Kaziranga,Assam," 1,623,167 "," 6,770 "," 1,626,408 "," (3,241)"," 248,947 ",FALSE,FALSE
Kendrapara,Odisha," 1,272,561 "," 4,547 "," 1,276,773 "," (4,212)"," 66,536 ",FALSE,FALSE
Keonjhar,Odisha," 1,252,761 "," 3,854 "," 1,254,163 "," (1,402)"," 97,042 ",FALSE,FALSE
Khadoor Sahib,Punjab," 1,042,796 "," 4,369 "," 1,043,248 ", (452)," 197,120 ",FALSE,FALSE
Khagaria,Bihar," 1,058,612 "," 3,282 "," 1,058,539 ", 73 ," 161,131 ",FALSE,FALSE
KHAJURAHO,Madhya Pradesh," 1,138,109 "," 2,461 "," 1,137,867 ", 242 ," 541,229 ",FALSE,FALSE
Khammam,Telangana," 1,240,582 "," 10,701 "," 1,241,135 ", (553)," 467,847 ",FALSE,FALSE
KHANDWA,Madhya Pradesh," 1,509,810 "," 2,732 "," 1,510,588 ", (778)," 269,971 ",FALSE,FALSE
KHARGONE,Madhya Pradesh," 1,555,958 "," 2,820 "," 1,555,585 ", 373 ," 135,018 ",FALSE,FALSE
Kheda,Gujarat," 1,164,397 "," 11,451 "," 1,166,619 "," (2,222)"," 357,758 ",FALSE,FALSE
Kheri,Uttar Pradesh," 1,209,810 "," 3,549 "," 1,209,621 ", 189 ," 34,329 ",FALSE,FALSE
Khunti,Jharkhand," 924,725 "," 11,957 "," 927,422 "," (2,697)"," 149,675 ",FALSE,FALSE
Kishanganj,Bihar," 1,150,070 "," 1,029 "," 1,149,988 ", 82 ," 59,692 ",FALSE,FALSE
Kodarma,Jharkhand," 1,360,792 "," 9,172 "," 1,363,010 "," (2,218)"," 377,014 ",FALSE,FALSE
Kokrajhar,Assam," 1,229,546 "," 11,950 "," 1,240,306 "," (10,760)"," 51,583 ",FALSE,FALSE
Kolar,Karnataka," 1,351,321 "," 3,907 "," 1,351,646 ", (325)," 71,388 ",FALSE,FALSE
Kolhapur,Maharashtra," 1,386,232 "," 7,094 "," 1,386,230 ", 2 ," 154,964 ",FALSE,FALSE
Kolkata Dakshin,West Bengal," 1,238,425 "," 5,052 "," 1,238,256 ", 169 ," 187,231 ",FALSE,FALSE
Kolkata Uttar,West Bengal," 955,466 "," 2,967 "," 957,319 "," (1,853)"," 92,560 ",FALSE,FALSE
Kollam,Kerala," 902,539 "," 13,152 "," 904,047 "," (1,508)"," 150,302 ",FALSE,FALSE
Koppal,Karnataka," 1,324,940 "," 3,996 "," 1,324,898 ", 42 ," 46,357 ",FALSE,FALSE
Koraput,Odisha," 1,144,023 "," 4,819 "," 1,148,182 "," (4,159)"," 147,744 ",FALSE,FALSE
KORBA,Chhattisgarh," 1,222,833 "," 2,480 "," 1,224,268 "," (1,435)"," 43,283 ",FALSE,FALSE
KOTA,Rajasthan," 1,487,901 "," 12,256 "," 1,487,879 ", 22 ," 41,974 ",FALSE,FALSE
Kottayam,Kerala," 822,566 "," 13,657 "," 823,237 ", (671)," 87,266 ",FALSE,FALSE
Kozhikode,Kerala," 1,078,637 "," 11,413 "," 1,079,683 "," (1,046)"," 146,176 ",FALSE,FALSE
KRISHNAGIRI,Tamil Nadu," 1,160,887 "," 5,269 "," 1,160,498 ", 389 ," 192,486 ",FALSE,FALSE
Krishnanagar,West Bengal," 1,415,842 "," 9,870 "," 1,415,859 ", (17)," 56,705 ",FALSE,FALSE
Kurnoolu,Andhra Pradesh," 1,316,682 "," 14,098 "," 1,323,071 "," (6,389)"," 111,298 ",FALSE,FALSE
KURUKSHETRA,Haryana," 1,202,413 "," 3,459 "," 1,202,401 ", 12 ," 29,021 ",FALSE,FALSE
Kushi Nagar,Uttar Pradesh," 1,079,710 ", 773 ," 1,079,573 ", 137 ," 81,790 ",FALSE,FALSE
Ladakh,Ladhak," 132,614 "," 2,910 "," 132,727 ", (113)," 27,862 ",FALSE,FALSE
Lakhimpur,Assam," 1,203,562 "," 7,652 "," 1,205,331 "," (1,769)"," 201,257 ",FALSE,FALSE
Lakshadweep,Lakshadweep," 48,630 ", 570 ," 48,630 ", -   ," 2,647 ",FALSE,FALSE
Lalganj,Uttar Pradesh," 999,434 "," 4,004 "," 1,000,053 ", (619)," 115,023 ",FALSE,FALSE
Latur,Maharashtra," 1,234,853 "," 4,226 "," 1,237,355 "," (2,502)"," 61,881 ",FALSE,FALSE
Lohardaga,Jharkhand," 954,698 "," 12,427 "," 957,690 "," (2,992)"," 139,138 ",FALSE,FALSE
Lucknow,Uttar Pradesh," 1,133,259 "," 3,633 "," 1,135,624 "," (2,365)"," 135,159 ",FALSE,FALSE
Ludhiana,Punjab," 1,057,219 "," 1,938 "," 1,057,274 ", (55)," 20,942 ",FALSE,FALSE
Machhlishahr,Uttar Pradesh," 1,056,972 "," 3,091 "," 1,057,361 ", (389)," 35,850 ",FALSE,FALSE
Machilipatnam,Andhra Pradesh," 1,292,057 "," 19,947 "," 1,293,935 "," (1,878)"," 223,179 ",FALSE,FALSE
Madha,Maharashtra," 1,267,125 "," 6,293 "," 1,267,530 ", (405)," 120,837 ",FALSE,FALSE
Madhepura,Bihar," 1,207,499 "," 2,196 "," 1,207,368 ", 131 ," 174,534 ",FALSE,FALSE
Madhubani,Bihar," 1,026,338 "," 1,390 "," 1,026,408 ", (70)," 151,945 ",FALSE,FALSE
MADURAI,Tamil Nadu," 981,623 "," 5,346 "," 981,650 ", (27)," 209,409 ",FALSE,FALSE
Mahabubabad,Telangana," 1,100,480 "," 8,306 "," 1,101,030 ", (550)," 349,165 ",FALSE,FALSE
Maharajganj,Uttar Pradesh," 1,011,462 "," 2,647 "," 1,011,421 ", 41 ," 102,651 ",FALSE,FALSE
Maharajganj,Bihar," 1,208,722 "," 1,729 "," 1,208,589 ", 133 ," 102,651 ",FALSE,FALSE
MAHASAMUND,Chhattisgarh," 1,322,134 "," 3,946 "," 1,322,125 ", 9 ," 145,456 ",FALSE,FALSE
Mahbubnagar,Telangana," 1,218,323 "," 7,755 "," 1,218,587 ", (264)," 4,500 ",FALSE,TRUE
Mahesana,Gujarat," 1,059,316 "," 17,511 "," 1,059,938 ", (622)," 328,046 ",FALSE,FALSE
Mainpuri,Uttar Pradesh," 1,051,023 "," 2,988 "," 1,051,758 ", (735)," 221,639 ",FALSE,FALSE
Malappuram,Kerala," 1,078,038 "," 7,144 "," 1,079,547 "," (1,509)"," 300,118 ",FALSE,FALSE
Maldaha Dakshin,West Bengal," 1,364,552 "," 5,237 "," 1,366,728 "," (2,176)"," 128,368 ",FALSE,FALSE
Maldaha Uttar,West Bengal," 1,413,820 "," 3,769 "," 1,415,718 "," (1,898)"," 77,708 ",FALSE,FALSE
Malkajgiri,Telangana," 1,915,185 "," 18,658 "," 1,919,131 "," (3,946)"," 391,475 ",FALSE,FALSE
MANDI,Himachal Pradesh," 997,478 "," 18,332 "," 997,833 ", (355)," 74,755 ",FALSE,FALSE
MANDLA,Madhya Pradesh," 1,531,950 "," 3,682 "," 1,530,861 "," 1,089 "," 103,846 ",FALSE,FALSE
MANDSOUR,Madhya Pradesh," 1,428,345 "," 5,147 "," 1,428,623 ", (278)," 500,655 ",FALSE,FALSE
Mandya,Karnataka," 1,453,087 "," 7,180 "," 1,453,060 ", 27 ," 284,620 ",FALSE,FALSE
Mathura,Uttar Pradesh," 953,522 "," 3,524 "," 953,388 ", 134 ," 293,407 ",FALSE,FALSE
Mathurapur,West Bengal," 1,490,330 "," 5,694 "," 1,490,299 ", 31 ," 201,057 ",FALSE,FALSE
Maval,Maharashtra," 1,417,866 "," 1,535 "," 1,418,439 ", (573)," 96,615 ",FALSE,FALSE
Mavelikkara,Kerala," 878,986 "," 15,985 "," 878,360 ", 626 ," 10,868 ",FALSE,TRUE
MAYILADUTHURAI,Tamil Nadu," 1,083,416 "," 4,292 "," 1,083,243 ", 173 ," 271,183 ",FALSE,FALSE
Mayurbhanj,Odisha," 1,165,669 "," 8,381 "," 1,169,335 "," (3,666)"," 219,334 ",FALSE,FALSE
Medak,Telangana," 1,372,896 "," 13,343 "," 1,372,894 ", 2 ," 39,139 ",FALSE,FALSE
Medinipur,West Bengal," 1,474,654 "," 6,909 "," 1,477,309 "," (2,655)"," 27,191 ",FALSE,FALSE
Meerut,Uttar Pradesh," 1,179,112 "," 3,367 "," 1,179,121 ", (9)," 10,585 ",FALSE,FALSE
Mirzapur,Uttar Pradesh," 1,103,900 "," 1,505 "," 1,104,186 ", (286)," 37,810 ",FALSE,FALSE
Misrikh,Uttar Pradesh," 1,049,151 "," 2,832 "," 1,049,630 ", (479)," 33,406 ",FALSE,FALSE
MIZORAM,Mizoram," 486,889 "," 4,447 "," 487,013 ", (124)," 68,288 ",FALSE,FALSE
Mohanlalganj,Uttar Pradesh," 1,374,478 "," 2,974 "," 1,375,372 ", (894)," 70,292 ",FALSE,FALSE
Moradabad,Uttar Pradesh," 1,280,819 "," 2,366 "," 1,280,706 ", 113 ," 105,762 ",FALSE,FALSE
MORENA,Madhya Pradesh," 1,183,586 "," 3,745 "," 1,183,282 ", 304 ," 52,530 ",FALSE,FALSE
Mumbai North,Maharashtra," 1,032,503 "," 2,990 "," 1,033,241 ", (738)," 357,608 ",FALSE,FALSE
Mumbai North Central,Maharashtra," 907,229 "," 3,333 "," 906,530 ", 699 ," 16,514 ",FALSE,FALSE
Mumbai North East,Maharashtra," 922,256 "," 4,213 "," 922,760 ", (504)," 29,861 ",FALSE,FALSE
Mumbai North West,Maharashtra," 951,582 "," 3,357 "," 951,580 ", 2 , 48 ,FALSE,TRUE
Mumbai South,Maharashtra," 769,223 "," 3,890 "," 769,010 ", 213 ," 52,673 ",FALSE,FALSE
Mumbai South Central,Maharashtra," 790,338 "," 4,186 "," 790,339 ", (1)," 53,384 ",FALSE,FALSE
Munger,Bihar," 1,134,550 "," 4,531 "," 1,134,548 ", 2 ," 80,870 ",FALSE,FALSE
Murshidabad,West Bengal," 1,539,216 "," 2,343 "," 1,539,112 ", 104 ," 164,215 ",FALSE,FALSE
Muzaffarnagar,Uttar Pradesh," 1,075,007 "," 3,662 "," 1,074,608 ", 399 ," 24,672 ",FALSE,FALSE
Muzaffarpur,Bihar," 1,110,095 "," 2,365 "," 1,109,688 ", 407 ," 234,927 ",FALSE,FALSE
Mysore,Karnataka," 1,476,661 "," 7,812 "," 1,477,576 ", (915)," 139,262 ",FALSE,FALSE
Nabarangpur,Odisha," 1,236,661 "," 5,814 "," 1,243,957 "," (7,296)"," 87,536 ",FALSE,FALSE
Nagaland,Nagaland," 757,154 "," 3,642 "," 760,507 "," (3,353)"," 50,984 ",FALSE,FALSE
Nagaon,Assam," 1,544,126 "," 5,872 "," 1,544,081 ", 45 ," 212,231 ",FALSE,FALSE
NAGAPATTINAM,Tamil Nadu," 968,049 "," 4,962 "," 967,694 ", 355 ," 208,957 ",FALSE,FALSE
Nagarkurnool,Telangana," 1,205,275 "," 13,948 "," 1,207,470 "," (2,195)"," 94,414 ",FALSE,FALSE
NAGAUR,Rajasthan," 1,227,911 "," 10,562 "," 1,228,494 ", (583)," 42,225 ",FALSE,FALSE
Nagina,Uttar Pradesh," 998,870 "," 2,433 "," 999,203 ", (333)," 151,473 ",FALSE,FALSE
Nagpur,Maharashtra," 1,207,455 "," 3,866 "," 1,207,738 ", (283)," 137,603 ",FALSE,FALSE
Nainital-Udhamsingh Nagar,Uttarakhand," 1,255,964 "," 10,052 "," 1,259,180 "," (3,216)"," 334,548 ",FALSE,FALSE
Nalgonda,Telangana," 1,277,136 "," 19,188 "," 1,277,137 ", (1)," 559,905 ",FALSE,FALSE
NAMAKKAL,Tamil Nadu," 1,136,116 "," 10,187 "," 1,136,069 ", 47 ," 29,112 ",FALSE,FALSE
Nanded,Maharashtra," 1,123,660 "," 4,594 "," 1,128,564 "," (4,904)"," 59,442 ",FALSE,FALSE
Nandurbar,Maharashtra," 1,391,396 "," 2,273 "," 1,392,635 "," (1,239)"," 159,120 ",FALSE,FALSE
Nandyal,Andhra Pradesh," 1,385,007 "," 19,411 "," 1,387,367 "," (2,360)"," 111,975 ",FALSE,FALSE
Narsapuram,Andhra Pradesh," 1,217,351 "," 13,643 "," 1,216,550 ", 801 ," 276,802 ",FALSE,FALSE
Narsaraopet,Andhra Pradesh," 1,482,913 "," 16,656 "," 1,485,909 "," (2,996)"," 159,729 ",FALSE,FALSE
Nashik,Maharashtra," 1,233,252 "," 3,952 "," 1,233,379 ", (127)," 162,001 ",FALSE,FALSE
Navsari,Gujarat," 1,326,543 "," 11,673 "," 1,326,542 ", 1 ," 773,551 ",FALSE,FALSE
Nawada,Bihar," 864,900 "," 4,970 "," 866,102 "," (1,202)"," 67,670 ",FALSE,FALSE
Nellore,Andhra Pradesh," 1,352,418 "," 23,231 "," 1,353,563 "," (1,145)"," 245,902 ",FALSE,FALSE
New Delhi,Delhi," 844,889 "," 2,579 "," 845,285 ", (396)," 78,370 ",FALSE,FALSE
NILGIRIS,Tamil Nadu," 1,013,616 "," 5,290 "," 1,013,410 ", 206 ," 240,585 ",FALSE,FALSE
Nizamabad,Telangana," 1,226,215 "," 7,366 "," 1,226,133 ", 82 ," 109,241 ",FALSE,FALSE
North-East Delhi,Delhi," 1,548,476 "," 4,255 "," 1,549,202 ", (726)," 138,778 ",FALSE,FALSE
North Goa,Goa," 451,054 "," 4,964 "," 451,042 ", 12 ," 116,015 ",FALSE,FALSE
North-West Delhi,Delhi," 1,482,638 "," 4,569 "," 1,485,378 "," (2,740)"," 290,849 ",FALSE,FALSE
Ongole,Andhra Pradesh," 1,401,174 "," 21,040 "," 1,399,707 "," 1,467 "," 50,199 ",FALSE,FALSE
Osmanabad,Maharashtra," 1,273,099 "," 7,953 "," 1,272,969 ", 130 ," 329,846 ",FALSE,FALSE
Outer Manipur,Manipur," 791,243 "," 5,492 "," 793,425 "," (2,182)"," 85,418 ",FALSE,FALSE
Palakkad,Kerala," 1,027,240 "," 8,596 "," 1,028,627 "," (1,387)"," 75,283 ",FALSE,FALSE
Palamau,Jharkhand," 1,373,737 "," 17,001 "," 1,374,358 ", (621)," 288,807 ",FALSE,FALSE
Palghar,Maharashtra," 1,373,159 "," 2,915 "," 1,373,162 ", (3)," 183,306 ",FALSE,FALSE
PALI,Rajasthan," 1,340,018 "," 13,824 "," 1,339,989 ", 29 ," 245,351 ",FALSE,FALSE
Panchmahal,Gujarat," 1,116,210 "," 15,287 "," 1,116,171 ", 39 ," 509,342 ",FALSE,FALSE
Parbhani,Maharashtra," 1,321,999 "," 9,177 "," 1,321,868 ", 131 ," 134,061 ",FALSE,FALSE
Paschim Champaran,Bihar," 1,082,170 "," 4,086 "," 1,082,178 ", (8)," 136,568 ",FALSE,FALSE
Patan,Gujarat," 1,181,373 "," 11,752 "," 1,182,950 "," (1,577)"," 31,876 ",FALSE,FALSE
Pathanamthitta,Kerala," 905,748 "," 13,821 "," 906,051 ", (303)," 66,119 ",FALSE,FALSE
Patiala,Punjab," 1,149,065 "," 2,678 "," 1,149,417 ", (352)," 14,831 ",FALSE,FALSE
Patliputra,Bihar," 1,227,339 "," 2,760 "," 1,228,549 "," (1,210)"," 85,174 ",FALSE,FALSE
Patna Sahib,Bihar," 1,073,762 "," 1,734 "," 1,073,847 ", (85)," 153,846 ",FALSE,FALSE
Peddapalle,Telangana," 1,082,815 "," 12,480 "," 1,083,467 ", (652)," 131,364 ",FALSE,FALSE
PERAMBALUR,Tamil Nadu," 1,119,859 "," 9,367 "," 1,119,881 ", (22)," 389,107 ",FALSE,FALSE
Phulpur,Uttar Pradesh," 1,011,627 "," 3,197 "," 1,010,909 ", 718 ," 4,332 ",FALSE,FALSE
Pilibhit,Uttar Pradesh," 1,155,967 "," 4,980 "," 1,155,917 ", 50 ," 164,935 ",FALSE,FALSE
POLLACHI,Tamil Nadu," 1,120,439 "," 5,606 "," 1,124,743 "," (4,304)"," 252,042 ",FALSE,FALSE
Ponnani,Kerala," 1,019,932 "," 6,364 "," 1,019,889 ", 43 ," 235,760 ",FALSE,FALSE
Porbandar,Gujarat," 916,558 "," 12,419 "," 916,519 ", 39 ," 383,360 ",FALSE,FALSE
Pratapgarh,Uttar Pradesh," 943,304 "," 3,984 "," 943,245 ", 59 ," 66,206 ",FALSE,FALSE
PUDUCHERRY,PUDUCHERRY," 804,489 "," 3,451 "," 807,724 "," (3,235)"," 136,516 ",FALSE,FALSE
Pune,Maharashtra," 1,103,671 ", 901 ," 1,103,678 ", (7)," 123,038 ",FALSE,FALSE
Puri,Odisha," 1,191,034 "," 5,904 "," 1,196,684 "," (5,650)"," 104,709 ",FALSE,FALSE
Purnia,Bihar," 1,194,607 "," 1,237 "," 1,194,484 ", 123 ," 23,847 ",FALSE,FALSE
Purulia,West Bengal," 1,428,596 "," 5,422 "," 1,429,190 ", (594)," 17,079 ",FALSE,FALSE
Purvi Champaran,Bihar," 1,069,091 "," 4,597 "," 1,068,642 ", 449 ," 88,287 ",FALSE,FALSE
Rae Bareli,Uttar Pradesh," 1,036,644 "," 2,575 "," 1,036,997 ", (353)," 390,030 ",FALSE,FALSE
Raichur,Karnataka," 1,295,636 "," 3,983 "," 1,299,806 "," (4,170)"," 79,781 ",FALSE,FALSE
Raigad,Maharashtra," 1,008,505 "," 4,767 "," 1,009,567 "," (1,062)"," 82,784 ",FALSE,FALSE
Raiganj,West Bengal," 1,363,996 "," 4,475 "," 1,363,854 ", 142 ," 68,197 ",FALSE,FALSE
RAIGARH,Chhattisgarh," 1,449,708 "," 3,257 "," 1,449,673 ", 35 ," 240,391 ",FALSE,FALSE
RAIPUR,Chhattisgarh," 1,582,240 "," 4,515 "," 1,587,116 "," (4,876)"," 575,285 ",FALSE,FALSE
Rajahmundry,Andhra Pradesh," 1,311,751 "," 13,546 "," 1,313,630 "," (1,879)"," 239,139 ",FALSE,FALSE
Rajampet,Andhra Pradesh," 1,314,182 "," 18,757 "," 1,317,448 "," (3,266)"," 76,071 ",FALSE,FALSE
RAJGARH,Madhya Pradesh," 1,424,176 "," 4,821 "," 1,425,911 "," (1,735)"," 146,089 ",FALSE,FALSE
Rajkot,Gujarat," 1,260,778 "," 12,764 "," 1,260,768 ", 10 ," 484,260 ",FALSE,FALSE
Rajmahal,Jharkhand," 1,206,675 "," 11,574 "," 1,206,577 ", 98 ," 178,264 ",FALSE,FALSE
RAJNANDGAON,Chhattisgarh," 1,444,139 "," 1,626 "," 1,446,247 "," (2,108)"," 44,411 ",FALSE,FALSE
RAJSAMAND,Rajasthan," 1,203,306 "," 9,824 "," 1,203,299 ", 7 ," 392,223 ",FALSE,FALSE
RAMANATHAPURAM,Tamil Nadu," 1,102,130 "," 7,723 "," 1,103,036 ", (906)," 166,782 ",FALSE,FALSE
Rampur,Uttar Pradesh," 966,744 "," 1,335 "," 967,200 ", (456)," 87,434 ",FALSE,FALSE
Ramtek,Maharashtra," 1,249,961 "," 2,551 "," 1,250,190 ", (229)," 76,768 ",FALSE,FALSE
Ranaghat,West Bengal," 1,531,996 "," 8,636 "," 1,532,304 ", (308)," 186,899 ",FALSE,FALSE
Ranchi,Jharkhand," 1,432,859 "," 14,922 "," 1,436,127 "," (3,268)"," 120,512 ",FALSE,FALSE
RATLAM,Madhya Pradesh," 1,528,176 "," 4,467 "," 1,527,828 ", 348 ," 207,232 ",FALSE,FALSE
Ratnagiri- Sindhudurg,Maharashtra," 906,206 "," 7,832 "," 907,618 "," (1,412)"," 47,858 ",FALSE,FALSE
Raver,Maharashtra," 1,169,365 "," 2,301 "," 1,170,944 "," (1,579)"," 272,183 ",FALSE,FALSE
REWA,Madhya Pradesh," 914,978 "," 3,151 "," 915,444 ", (466)," 193,374 ",FALSE,FALSE
Robertsganj,Uttar Pradesh," 1,008,459 "," 1,086 "," 1,010,277 "," (1,818)"," 129,234 ",FALSE,FALSE
ROHTAK,Haryana," 1,239,652 "," 8,794 "," 1,241,201 "," (1,549)"," 345,298 ",FALSE,FALSE
Sabarkantha,Gujarat," 1,256,286 "," 13,072 "," 1,256,210 ", 76 ," 155,682 ",FALSE,FALSE
SAGAR,Madhya Pradesh," 1,147,932 "," 2,617 "," 1,147,866 ", 66 ," 471,222 ",FALSE,FALSE
Saharanpur,Uttar Pradesh," 1,227,175 "," 2,280 "," 1,227,083 ", 92 ," 64,542 ",FALSE,FALSE
SALEM,Tamil Nadu," 1,295,702 "," 9,142 "," 1,296,481 ", (779)," 70,357 ",FALSE,FALSE
Salempur,Uttar Pradesh," 913,701 "," 3,661 "," 913,009 ", 692 ," 3,573 ",FALSE,TRUE
Samastipur,Bihar," 1,092,821 "," 1,771 "," 1,093,182 ", (361)," 187,251 ",FALSE,FALSE
Sambalpur,Odisha," 1,190,616 "," 6,131 "," 1,192,226 "," (1,610)"," 119,836 ",FALSE,FALSE
Sambhal,Uttar Pradesh," 1,193,721 "," 1,262 "," 1,194,209 ", (488)," 121,494 ",FALSE,FALSE
Sangli,Maharashtra," 1,163,363 "," 5,381 "," 1,163,353 ", 10 ," 100,053 ",FALSE,FALSE
Sangrur,Punjab," 1,005,403 "," 4,262 "," 1,006,048 ", (645)," 172,560 ",FALSE,FALSE
Sant Kabir Nagar,Uttar Pradesh," 1,088,750 "," 2,452 "," 1,089,154 ", (404)," 92,170 ",FALSE,FALSE
Saran,Bihar," 1,018,494 "," 3,014 "," 1,018,366 ", 128 ," 13,661 ",FALSE,FALSE
Sasaram,Bihar," 1,092,158 "," 4,917 "," 1,091,993 ", 165 ," 19,157 ",FALSE,FALSE
Satara,Maharashtra," 1,193,487 "," 4,517 "," 1,193,492 ", (5)," 32,771 ",FALSE,FALSE
SATNA,Madhya Pradesh," 1,056,421 "," 2,551 "," 1,056,175 ", 246 ," 84,949 ",FALSE,FALSE
Secunderabad,Telangana," 1,039,041 "," 8,618 "," 1,039,834 ", (793)," 49,944 ",FALSE,FALSE
SHAHDOL,Madhya Pradesh," 1,149,082 "," 2,931 "," 1,149,506 ", (424)," 397,340 ",FALSE,FALSE
Shahjahanpur,Uttar Pradesh," 1,243,585 "," 4,317 "," 1,244,364 ", (779)," 55,379 ",FALSE,FALSE
Sheohar,Bihar," 1,052,505 "," 3,097 "," 1,052,021 ", 484 ," 29,143 ",FALSE,FALSE
Shillong,Meghalaya," 1,033,451 "," 4,460 "," 1,033,251 ", 200 ," 371,910 ",FALSE,FALSE
SHIMLA,Himachal Pradesh," 958,978 "," 10,987 "," 959,445 ", (467)," 91,451 ",FALSE,FALSE
Shimoga,Karnataka," 1,372,668 "," 4,556 "," 1,372,949 ", (281)," 243,715 ",FALSE,FALSE
Shirdi,Maharashtra," 1,057,328 "," 2,536 "," 1,057,298 ", 30 ," 50,529 ",FALSE,FALSE
Shirur,Maharashtra," 1,372,797 "," 1,667 "," 1,375,593 "," (2,796)"," 140,951 ",FALSE,FALSE
Shrawasti,Uttar Pradesh," 1,046,002 ", 526 ," 1,046,253 ", (251)," 76,673 ",FALSE,FALSE
SIDHI,Madhya Pradesh," 1,145,388 "," 1,876 "," 1,146,150 ", (762)," 206,416 ",FALSE,FALSE
SIKAR,Rajasthan," 1,274,311 "," 26,545 "," 1,274,270 ", 41 ," 72,896 ",FALSE,FALSE
Sikkim,Sikkim," 368,869 "," 16,024 "," 370,765 "," (1,896)"," 80,830 ",FALSE,FALSE
Silchar,Assam," 1,082,612 "," 6,814 "," 1,082,616 ", (4)," 264,311 ",FALSE,FALSE
Singhbhum,Jharkhand," 999,884 "," 7,713 "," 1,003,482 "," (3,598)"," 168,402 ",FALSE,FALSE
SIRSA,Haryana," 1,351,949 "," 2,683 "," 1,351,932 ", 17 ," 268,497 ",FALSE,FALSE
Sitamarhi,Bihar," 1,091,836 "," 2,156 "," 1,094,885 "," (3,049)"," 51,356 ",FALSE,FALSE
Sitapur,Uttar Pradesh," 1,100,826 "," 1,189 "," 1,100,741 ", 85 ," 89,641 ",FALSE,FALSE
SIVAGANGA,Tamil Nadu," 1,048,358 "," 5,061 "," 1,049,887 "," (1,529)"," 205,664 ",FALSE,FALSE
Siwan,Bihar," 995,506 "," 2,512 "," 995,416 ", 90 ," 92,857 ",FALSE,FALSE
Solapur,Maharashtra," 1,201,261 "," 3,224 "," 1,201,586 ", (325)," 74,197 ",FALSE,FALSE
SONIPAT,Haryana," 1,119,190 "," 4,754 "," 1,120,791 "," (1,601)"," 21,816 ",FALSE,FALSE
Sonitpur,Assam," 1,281,074 "," 7,394 "," 1,281,959 ", (885)," 361,408 ",FALSE,FALSE
South Delhi,Delhi," 1,293,476 "," 2,522 "," 1,293,598 ", (122)," 124,333 ",FALSE,FALSE
South Goa,Goa," 445,924 "," 4,596 "," 445,916 ", 8 ," 13,535 ",FALSE,FALSE
Srerampur,West Bengal," 1,471,838 "," 4,694 "," 1,472,793 ", (955)," 174,830 ",FALSE,FALSE
Srikakulam,Andhra Pradesh," 1,208,912 "," 26,774 "," 1,214,128 "," (5,216)"," 327,901 ",FALSE,FALSE
SRINAGAR,Jammu & Kashmir," 671,933 "," 3,309 "," 672,653 ", (720)," 188,416 ",FALSE,FALSE
SRIPERUMBUDUR,Tamil Nadu," 1,435,381 "," 5,554 "," 1,435,243 ", 138 ," 487,029 ",FALSE,FALSE
Sultanpur,Uttar Pradesh," 1,030,179 "," 3,208 "," 1,030,583 ", (404)," 43,174 ",FALSE,FALSE
Sundargarh,Odisha," 1,148,968 "," 6,809 "," 1,150,875 "," (1,907)"," 138,808 ",FALSE,FALSE
Supaul,Bihar," 1,225,026 "," 6,088 "," 1,224,821 ", 205 ," 169,803 ",FALSE,FALSE
Surat,Gujarat, -   , -   , -   , -   ,,FALSE,
Surendranagar,Gujarat," 1,120,179 "," 11,198 "," 1,120,128 ", 51 ," 261,617 ",FALSE,FALSE
SURGUJA,Chhattisgarh," 1,453,064 "," 2,205 "," 1,453,444 ", (380)," 64,822 ",FALSE,FALSE
Tamluk,West Bengal," 1,568,214 "," 9,105 "," 1,569,233 "," (1,019)"," 77,733 ",FALSE,FALSE
Tehri Garhwal,Uttarakhand," 846,803 "," 15,238 "," 848,186 "," (1,383)"," 272,493 ",FALSE,FALSE
TENKASI,Tamil Nadu," 1,031,307 "," 7,812 "," 1,031,961 ", (654)," 196,199 ",FALSE,FALSE
Thane,Maharashtra," 1,304,427 "," 4,641 "," 1,306,194 "," (1,767)"," 217,011 ",FALSE,FALSE
THANJAVUR,Tamil Nadu," 1,022,796 "," 5,910 "," 1,024,949 "," (2,153)"," 319,583 ",FALSE,FALSE
THENI,Tamil Nadu," 1,133,569 "," 7,650 "," 1,133,513 ", 56 ," 278,825 ",FALSE,FALSE
Thirupathi(Sc),Andhra Pradesh," 1,365,358 "," 17,212 "," 1,368,362 "," (3,004)"," 14,569 ",FALSE,TRUE
Thiruvananthapuram,Kerala," 950,874 "," 12,109 "," 950,829 ", 45 ," 16,077 ",FALSE,FALSE
THOOTHUKKUDI,Tamil Nadu," 973,066 "," 5,460 "," 975,468 "," (2,402)"," 392,738 ",FALSE,FALSE
Thrissur,Kerala," 1,081,181 "," 9,695 "," 1,081,125 ", 56 ," 74,686 ",FALSE,FALSE
TIKAMGARH,Madhya Pradesh," 1,096,402 "," 1,988 "," 1,096,023 ", 379 ," 403,312 ",FALSE,FALSE
TIRUCHIRAPPALLI,Tamil Nadu," 1,048,165 "," 7,799 "," 1,049,093 ", (928)," 313,094 ",FALSE,FALSE
TIRUNELVELI,Tamil Nadu," 1,060,656 "," 6,792 "," 1,060,461 ", 195 ," 165,620 ",FALSE,FALSE
TIRUPPUR,Tamil Nadu," 1,136,443 "," 6,106 "," 1,135,998 ", 445 ," 125,928 ",FALSE,FALSE
TIRUVALLUR,Tamil Nadu," 1,413,947 "," 3,865 "," 1,430,738 "," (16,791)"," 572,155 ",FALSE,FALSE
TIRUVANNAMALAI,Tamil Nadu," 1,137,264 "," 9,009 "," 1,138,102 ", (838)," 233,931 ",FALSE,FALSE
TONK-SAWAI MADHOPUR,Rajasthan," 1,214,246 "," 12,338 "," 1,215,309 "," (1,063)"," 64,949 ",FALSE,FALSE
Tripura East,Tripura," 1,121,664 "," 12,681 "," 1,122,424 ", (760)," 486,819 ",FALSE,FALSE
Tripura West,Tripura," 1,192,487 "," 17,322 "," 1,192,435 ", 52 ," 611,578 ",FALSE,FALSE
Tumkur,Karnataka," 1,296,730 "," 6,721 "," 1,296,720 ", 10 ," 175,594 ",FALSE,FALSE
Tura,Meghalaya," 670,441 "," 3,615 "," 672,284 "," (1,843)"," 155,241 ",FALSE,FALSE
UDAIPUR,Rajasthan," 1,487,355 "," 11,021 "," 1,487,268 ", 87 ," 261,608 ",FALSE,FALSE
UDHAMPUR,Jammu & Kashmir," 1,106,472 "," 7,255 "," 1,108,206 "," (1,734)"," 124,373 ",FALSE,FALSE
Udupi Chikmagalur,Karnataka," 1,222,939 "," 6,479 "," 1,222,888 ", 51 ," 259,175 ",FALSE,FALSE
Ujiarpur,Bihar," 1,040,183 "," 1,885 "," 1,040,026 ", 157 ," 60,102 ",FALSE,FALSE
UJJAIN,Madhya Pradesh," 1,326,071 "," 2,509 "," 1,327,715 "," (1,644)"," 375,860 ",FALSE,FALSE
Uluberia,West Bengal," 1,387,012 "," 3,782 "," 1,389,316 "," (2,304)"," 218,673 ",FALSE,FALSE
Unnao,Uttar Pradesh," 1,298,002 "," 4,269 "," 1,298,677 ", (675)," 35,818 ",FALSE,FALSE
Uttara Kannada,Karnataka," 1,256,012 "," 6,749 "," 1,256,027 ", (15)," 337,428 ",FALSE,FALSE
Vadakara,Kerala," 1,110,765 "," 12,182 "," 1,114,950 "," (4,185)"," 114,506 ",FALSE,FALSE
Vadodara,Gujarat," 1,200,380 "," 11,769 "," 1,200,768 ", (388)," 582,126 ",FALSE,FALSE
Vaishali,Bihar," 1,169,861 "," 2,199 "," 1,170,009 ", (148)," 89,634 ",FALSE,FALSE
Valmiki Nagar,Bihar," 1,098,897 "," 2,933 "," 1,099,781 ", (884)," 98,675 ",FALSE,FALSE
Valsad,Gujarat," 1,351,637 "," 9,774 "," 1,352,413 ", (776)," 210,704 ",FALSE,FALSE
Varanasi,Uttar Pradesh," 1,127,081 "," 3,062 "," 1,128,527 "," (1,446)"," 152,513 ",FALSE,FALSE
VELLORE,Tamil Nadu," 1,123,625 "," 5,833 "," 1,123,715 ", (90)," 215,702 ",FALSE,FALSE
VIDISHA,Madhya Pradesh," 1,449,038 "," 6,620 "," 1,449,010 ", 28 ," 821,408 ",FALSE,FALSE
Vijayawada,Andhra Pradesh," 1,347,527 "," 16,878 "," 1,352,495 "," (4,968)"," 282,085 ",FALSE,FALSE
VILUPPURAM,Tamil Nadu," 1,145,468 "," 7,199 "," 1,150,164 "," (4,696)"," 70,703 ",FALSE,FALSE
VIRUDHUNAGAR,Tamil Nadu," 1,053,507 "," 8,394 "," 1,054,634 "," (1,127)"," 4,379 ",FALSE,TRUE
Visakhapatnam,Andhra Pradesh," 1,366,795 "," 20,330 "," 1,370,484 "," (3,689)"," 504,247 ",FALSE,FALSE
Vizianagaram,Andhra Pradesh," 1,278,710 "," 20,532 "," 1,284,886 "," (6,176)"," 249,351 ",FALSE,FALSE
Warangal,Telangana," 1,255,435 "," 12,511 "," 1,256,301 ", (866)," 220,339 ",FALSE,FALSE
Wardha,Maharashtra," 1,090,347 "," 4,665 "," 1,091,351 "," (1,004)"," 81,648 ",FALSE,FALSE
Wayanad,Kerala," 1,075,706 "," 8,947 "," 1,075,921 ", (215)," 364,422 ",FALSE,FALSE
West  Delhi,Delhi," 1,518,075 "," 6,419 "," 1,521,541 "," (3,466)"," 199,013 ",FALSE,FALSE
Yavatmal- Washim,Maharashtra," 1,220,250 "," 5,280 "," 1,220,189 ", 61 ," 94,473 ",FALSE,FALSE
Zahirabad,Telangana," 1,225,027 "," 11,566 "," 1,225,049 ", (22),46188,FALSE,FALSE
Nalanda,Bihar," 1,139,336 "," 5,047 "," 1,139,006 ", 330 ,169114,FALSE,FALSE
Total,," 641,618,937 "," 3,744,508 "," 642,138,442 "," (519,505)",,,
